primary_label,train_count,sampler_weight,loss_class_weight
abethr1,13,0.07692307692307693,1.71147657049517
abhori1,106,0.009433962264150943,0.5993626856416991
abythr1,24,0.041666666666666664,1.259612649911353
acafly,113,0.008849557522123894,0.5805015886313722
acowoo,167,0.005988023952095809,0.47751211959162987
afbfly1,16,0.0625,1.5427041329188984
afdfly1,27,0.037037037037037035,1.1875741952275658
afecuc1,80,0.0125,0.6899182620753056
affeag1,42,0.023809523809523808,0.9521776628390014
afgfly1,7,0.14285714285714285,2.332349418431393
afghor1,64,0.015625,0.7713520664594492
afmdov1,33,0.030303030303030304,1.0742012771667568
afpfly1,88,0.011363636363636364,0.6578112525261399
afpkin1,1,1.0,4.0
afpwag1,67,0.014925373134328358,0.7538852268995099
afrgos1,51,0.0196078431372549,0.8640871491496133
afrgrp1,23,0.043478260869565216,1.2867041933560468
afrjac1,27,0.037037037037037035,1.1875741952275658
afrsil1,14,0.07142857142857142,1.6492200898693385
afrthr1,40,0.025,0.9756917631557726
akekee,5,0.2,2.7596730483012224
akepa1,9,0.1111111111111111,2.0569388438918645
akiapo,13,0.07692307692307693,1.71147657049517
akikik,2,0.5,4.0
aldfly,197,0.005076142131979695,0.4396524738985103
amakin1,70,0.014285714285714285,0.7375536461612306
ameavo,40,0.025,0.9756917631557726
amecro,187,0.0053475935828877,0.45125479639621846
amegfi,152,0.006578947368421052,0.500519313652809
amekes,190,0.005263157894736842,0.44767808375168777
amepip,86,0.011627906976744186,0.6654162595402028
amered,249,0.004016064257028112,0.3910596081660174
amerob,407,0.002457002457002457,0.305876019381112
amesun2,38,0.02631578947368421,1.001038627305618
amewig,76,0.013157894736842105,0.7078412015974754
ampkin1,23,0.043478260869565216,1.2867041933560468
amtspa,70,0.014285714285714285,0.7375536461612306
andsol1,169,0.005917159763313609,0.47467819474427647
anhing,54,0.018518518518518517,0.8397417666075686
aniani,10,0.1,1.951383526311545
annhum,104,0.009615384615384616,0.6050983444195155
apapan,42,0.023809523809523808,0.9521776628390014
arcter,154,0.006493506493506494,0.4972585668011644
asbfly,94,0.010638297872340425,0.6364711277535205
ashdro1,96,0.010416666666666666,0.6298063249556765
ashgre1,85,0.011764705882352941,0.6693190276656593
ashpri1,84,0.011904761904761904,0.673291282287816
ashwoo2,40,0.025,0.9756917631557726
asikoe2,238,0.004201680672268907,0.39999462531893726
asiope1,4,0.25,3.085408265837797
aspfly1,23,0.043478260869565216,1.2867041933560468
aspswi1,23,0.043478260869565216,1.2867041933560468
astcra1,94,0.010638297872340425,0.6364711277535205
astfly,173,0.005780346820809248,0.46915849317713076
augbuz1,11,0.09090909090909091,1.8605711896082002
azaspi1,229,0.004366812227074236,0.40777903441269975
babwar,116,0.008620689655172414,0.5729459313390208
bafcur1,41,0.024390243902439025,0.9637196316761782
baffal1,270,0.003703703703703704,0.37554393473605724
bafibi1,24,0.041666666666666664,1.259612649911353
bagwea1,22,0.045454545454545456,1.3156225050522798
baleag,49,0.02040816326530612,0.8815452188107991
balori,135,0.007407407407407408,0.5310993257706886
banana,689,0.001451378809869376,0.25
banswa,119,0.008403361344537815,0.5656778240023856
banwre1,93,0.010752688172043012,0.6398838660391533
barant1,458,0.002183406113537118,0.2883433204589225
barfly1,18,0.05555555555555555,1.454475405001955
barpet,13,0.07692307692307693,1.71147657049517
barswa,1142,0.0008756567425569177,0.25
batbel1,116,0.008620689655172414,0.5729459313390208
batpig1,68,0.014705882352941176,0.7483214222472383
bawhor2,32,0.03125,1.090856553751466
bawman1,6,0.16666666666666666,2.519225299822706
bawswa1,72,0.013888888888888888,0.7272377025009775
bawwar,133,0.007518796992481203,0.535077653472016
baymac,123,0.008130081300813009,0.5564037887715685
baywre1,138,0.007246376811594203,0.52529478727029
bbwduc,309,0.003236245954692557,0.3510454873650356
bcbeat1,69,0.014492753623188406,0.7428790124015339
bcnher,905,0.0011049723756906078,0.25
bcwfin2,39,0.02564102564102564,0.9881214586871239
beasun2,30,0.03333333333333333,1.1266318042081718
belkin1,147,0.006802721088435374,0.5089603693832424
belvir,173,0.005780346820809248,0.46915849317713076
bewwre,397,0.0025188916876574307,0.3097044039120544
bicwre1,77,0.012987012987012988,0.7032298091764144
bkbmag1,54,0.018518518518518517,0.8397417666075686
bkbplo,396,0.0025252525252525255,0.3100951982680334
bkbwar,97,0.010309278350515464,0.6265514901179955
bkcbul1,21,0.047619047619047616,1.346582564575632
bkcchi,197,0.005076142131979695,0.4396524738985103
bkcdon,157,0.006369426751592357,0.4924847740386272
bkctch1,96,0.010416666666666666,0.6298063249556765
bkfruw1,25,0.04,1.234163306335119
bkhgro,175,0.005714285714285714,0.4664698836862786
bkhpar,28,0.03571428571428571,1.1661747092156964
bkmtou1,312,0.003205128205128205,0.3493536920368041
bknsti,275,0.0036363636363636364,0.37211423792164
bkrfla1,26,0.038461538461538464,1.210196688839031
bkskit1,149,0.006711409395973154,0.5055329878415242
bkwpet,3,0.3333333333333333,3.5627225856826974
bkwsti,435,0.0022988505747126436,0.2958680067137768
blacra1,54,0.018518518518518517,0.8397417666075686
blacuc1,62,0.016129032258064516,0.7836944832176755
bladro1,112,0.008928571428571428,0.5830873546078482
blaeag1,5,0.2,2.7596730483012224
blakit1,266,0.0037593984962406013,0.37835703723144815
blaplo1,41,0.024390243902439025,0.9637196316761782
blbgra1,397,0.0025188916876574307,0.3097044039120544
blbpuf2,145,0.006896551724137931,0.5124584199623912
blbthr1,85,0.011764705882352941,0.6693190276656593
blbwre1,82,0.012195121951219513,0.6814526867208274
blcant4,78,0.01282051282051282,0.6987073840736082
blcapa2,20,0.05,1.3798365241506112
blchaw1,49,0.02040816326530612,0.8815452188107991
blcjay1,128,0.0078125,0.545428276875733
blctan1,31,0.03225806451612903,1.1083113669234106
blctit1,29,0.034482758620689655,1.1458918626780417
blfbus1,33,0.030303030303030304,1.0742012771667568
blheag1,109,0.009174311926605505,0.5910570275316104
blhgon1,21,0.047619047619047616,1.346582564575632
blhher1,13,0.07692307692307693,1.71147657049517
blhori1,125,0.008,0.5519346096602445
blhpar1,295,0.003389830508474576,0.3592788288214667
blkfra,35,0.02857142857142857,1.0430583693789393
blknod,13,0.07692307692307693,1.71147657049517
blkpho,118,0.00847457627118644,0.5680697070767917
blksaw1,12,0.08333333333333333,1.7813612928413487
blkvul,53,0.018867924528301886,0.8476268388148529
blnmon1,155,0.0064516129032258064,0.49565191133529163
blnmou1,23,0.043478260869565216,1.2867041933560468
blnwea1,15,0.06666666666666667,1.5932979773120657
blrwar1,445,0.0022471910112359553,0.2925247580709985
blsspa1,95,0.010526315789473684,0.6331124176188352
bltapa1,10,0.1,1.951383526311545
bltbar1,6,0.16666666666666666,2.519225299822706
bltori1,18,0.05555555555555555,1.454475405001955
blttit1,61,0.01639344262295082,0.7900920953540777
blugrb1,135,0.007407407407407408,0.5310993257706886
blujay,291,0.003436426116838488,0.36173967148078584
blwlap1,13,0.07692307692307693,1.71147657049517
bncfly,659,0.0015174506828528073,0.25
bncwoo3,6,0.16666666666666666,2.519225299822706
bnhcow,154,0.006493506493506494,0.4972585668011644
bobfly1,509,0.0019646365422396855,0.2735166339589988
bobher1,31,0.03225806451612903,1.1083113669234106
bongul,95,0.010526315789473684,0.6331124176188352
botgra,74,0.013513513513513514,0.7173428509286123
brakit1,40,0.025,0.9756917631557726
brant,114,0.008771929824561403,0.577949920944112
brasta1,10,0.1,1.951383526311545
brbmot1,71,0.014084507042253521,0.7323411875872003
brbsol1,128,0.0078125,0.545428276875733
brcale1,9,0.1111111111111111,2.0569388438918645
brcful1,76,0.013157894736842105,0.7078412015974754
brcmar1,86,0.011627906976744186,0.6654162595402028
brcsta1,3,0.3333333333333333,3.5627225856826974
brctch1,56,0.017857142857142856,0.8246100449346693
brcvir1,82,0.012195121951219513,0.6814526867208274
brcwea1,2,0.5,4.0
brebla,47,0.02127659574468085,0.9001061009279278
brfowl1,15,0.06666666666666667,1.5932979773120657
brican1,25,0.04,1.234163306335119
brnboo,12,0.08333333333333333,1.7813612928413487
brncre,186,0.005376344086021506,0.45246622084814964
brnhao1,110,0.00909090909090909,0.5883642708050918
brnjay,58,0.017241379310344827,0.8102679066061274
brnnod,18,0.05555555555555555,1.454475405001955
brnowl,494,0.0020242914979757085,0.27763816149773013
brnshr,131,0.007633587786259542,0.5391467436635963
brnthr,129,0.007751937984496124,0.5433101008082919
brobab1,20,0.05,1.3798365241506112
brodro1,100,0.01,0.6170816531675595
broman1,33,0.030303030303030304,1.0742012771667568
brosun1,27,0.037037037037037035,1.1875741952275658
brratt1,219,0.0045662100456621,0.4169851385698674
brrwhe3,7,0.14285714285714285,2.332349418431393
brtcha1,1,1.0,4.0
brtcur,22,0.045454545454545456,1.3156225050522798
brtpar1,56,0.017857142857142856,0.8246100449346693
brubru1,69,0.014492753623188406,0.7428790124015339
brwhaw,58,0.017241379310344827,0.8102679066061274
brwjac1,18,0.05555555555555555,1.454475405001955
brwowl1,71,0.014084507042253521,0.7323411875872003
brwpar1,37,0.02702702702702703,1.0144759886546248
brwwar1,36,0.027777777777777776,1.0284694219459323
bswdov1,24,0.041666666666666664,1.259612649911353
btbeat1,49,0.02040816326530612,0.8815452188107991
btbwar,72,0.013888888888888888,0.7272377025009775
btnwar,92,0.010869565217391304,0.6433520966780234
btweye2,59,0.01694915254237288,0.8033718841213103
btywar,92,0.010869565217391304,0.6433520966780234
bubcur1,18,0.05555555555555555,1.454475405001955
bubsan,4,0.25,3.085408265837797
bubwar2,7,0.14285714285714285,2.332349418431393
bubwre1,306,0.0032679738562091504,0.35276210145212267
bucmot2,32,0.03125,1.090856553751466
bucmot3,40,0.025,0.9756917631557726
bucmot4,123,0.008130081300813009,0.5564037887715685
bucpar,63,0.015873015873015872,0.7774498061437977
buffle,11,0.09090909090909091,1.8605711896082002
bufpar,102,0.00980392156862745,0.6110018826998433
buggna,186,0.005376344086021506,0.45246622084814964
bugtan,294,0.003401360544217687,0.3598893285461008
buhvir,131,0.007633587786259542,0.5391467436635963
bulori,188,0.005319148936170213,0.4500530504639639
bulpet,6,0.16666666666666666,2.519225299822706
bunibi1,114,0.008771929824561403,0.577949920944112
burowl,113,0.008849557522123894,0.5805015886313722
burpar,18,0.05555555555555555,1.454475405001955
burwar1,141,0.0070921985815602835,0.5196764996699635
bushti,120,0.008333333333333333,0.5633159021040859
butapa1,27,0.037037037037037035,1.1875741952275658
butsal1,427,0.00234192037470726,0.29862674244926
buwtea,81,0.012345679012345678,0.6856462812972882
bwfshr1,27,0.037037037037037035,1.1875741952275658
cabgre1,30,0.03333333333333333,1.1266318042081718
cacgoo1,52,0.019230769230769232,0.855738285247585
cacwre,125,0.008,0.5519346096602445
calqua,193,0.0051813471502590676,0.4441850934480523
caltow,80,0.0125,0.6899182620753056
camfli1,75,0.013333333333333334,0.7125445171365393
cangoo,506,0.001976284584980237,0.27432625576127706
canvas,4,0.25,3.085408265837797
canwar,104,0.009615384615384616,0.6050983444195155
carcha1,131,0.007633587786259542,0.5391467436635963
carchi,137,0.0072992700729927005,0.5272084358202227
cargra1,57,0.017543859649122806,0.8173446165716214
carwoo1,34,0.029411764705882353,1.0582863043563677
carwre,402,0.0024875621890547263,0.30777235508768636
casfin,107,0.009345794392523364,0.5965553508377003
caskin,147,0.006802721088435374,0.5089603693832424
caster1,275,0.0036363636363636364,0.37211423792164
casvir,95,0.010526315789473684,0.6331124176188352
categr,272,0.003676470588235294,0.37416071112361915
cattyr,88,0.011363636363636364,0.6578112525261399
ccbeat1,12,0.08333333333333333,1.7813612928413487
ccbfin,149,0.006711409395973154,0.5055329878415242
cedwax,85,0.011764705882352941,0.6693190276656593
chacha1,63,0.015873015873015872,0.7774498061437977
chbant1,338,0.0029585798816568047,0.3356481703850665
chbchi,50,0.02,0.8726852430011729
chbeat1,20,0.05,1.3798365241506112
chbmoc1,121,0.008264462809917356,0.5609833210614177
chbsan,13,0.07692307692307693,1.71147657049517
chbwre1,85,0.011764705882352941,0.6693190276656593
chcant2,167,0.005988023952095809,0.47751211959162987
chemun,11,0.09090909090909091,1.8605711896082002
chespa1,5,0.2,2.7596730483012224
chewea1,7,0.14285714285714285,2.332349418431393
chfmac1,110,0.00909090909090909,0.5883642708050918
chibat1,62,0.016129032258064516,0.7836944832176755
chispa,213,0.004694835680751174,0.4228173817921204
chobla1,124,0.008064516129032258,0.5541556834617053
chswar,128,0.0078125,0.545428276875733
chtapa3,24,0.041666666666666664,1.259612649911353
chucis1,26,0.038461538461538464,1.210196688839031
chukar,34,0.029411764705882353,1.0582863043563677
chvcon1,100,0.01,0.6170816531675595
cibspi1,34,0.029411764705882353,1.0582863043563677
cibwar1,99,0.010101010101010102,0.6201903965360668
cinbec1,60,0.016666666666666666,0.7966489886560328
cinfly2,101,0.009900990099009901,0.6140191942979834
cintea,14,0.07142857142857142,1.6492200898693385
clanut,67,0.014925373134328358,0.7538852268995099
clcrob,163,0.006134969325153374,0.4833356533393352
cliswa,84,0.011904761904761904,0.673291282287816
cobtan1,158,0.006329113924050633,0.49092380410865327
cocher1,33,0.030303030303030304,1.0742012771667568
cocwoo1,178,0.0056179775280898875,0.46252225374703915
coffal1,256,0.00390625,0.3856760332297246
cogdov,59,0.01694915254237288,0.8033718841213103
cohcuc1,67,0.014925373134328358,0.7538852268995099
cohmar1,364,0.0027472527472527475,0.3234386700174232
colara1,23,0.043478260869565216,1.2867041933560468
colcha1,151,0.006622516556291391,0.5021739274671873
colsun2,159,0.006289308176100629,0.48937758356210687
coltro1,143,0.006993006993006993,0.5160296019833384
combul2,254,0.003937007874015748,0.38719146552423694
combuz1,424,0.0023584905660377358,0.29968134282084957
comfla1,29,0.034482758620689655,1.1458918626780417
comgal1,157,0.006369426751592357,0.4924847740386272
comgol,84,0.011904761904761904,0.673291282287816
comgra,111,0.009009009009009009,0.5857079851361594
comgre,447,0.0022371364653243847,0.29186960661453976
comior1,193,0.0051813471502590676,0.4441850934480523
comkin1,448,0.002232142857142857,0.2915436773039241
comloo,80,0.0125,0.6899182620753056
commer,74,0.013513513513513514,0.7173428509286123
commoo3,447,0.0022371364653243847,0.29186960661453976
commyn,200,0.005,0.43634262150058645
compau,635,0.0015748031496062992,0.25
compea,61,0.01639344262295082,0.7900920953540777
compot1,270,0.003703703703703704,0.37554393473605724
comrav,451,0.0022172949002217295,0.2905724019426716
comros,436,0.0022935779816513763,0.2955285137658052
comsan,751,0.0013315579227696406,0.25
comtai1,266,0.0037593984962406013,0.37835703723144815
comwax,157,0.006369426751592357,0.4924847740386272
comyel,341,0.002932551319648094,0.33416845045189664
coohaw,93,0.010752688172043012,0.6398838660391533
coopet,3,0.3333333333333333,3.5627225856826974
copbar1,111,0.009009009009009009,0.5857079851361594
cotfly1,283,0.0035335689045936395,0.3668169678073534
cowscj1,41,0.024390243902439025,0.9637196316761782
crbsun2,21,0.047619047619047616,1.346582564575632
crbtan1,34,0.029411764705882353,1.0582863043563677
crbthr1,132,0.007575757575757576,0.5371006385833784
crcwoo1,126,0.007936507936507936,0.5497400299564462
crebec1,62,0.016129032258064516,0.7836944832176755
crebob1,41,0.024390243902439025,0.9637196316761782
crefra2,1,1.0,4.0
cregos1,36,0.027777777777777776,1.0284694219459323
cregua1,94,0.010638297872340425,0.6364711277535205
crehon,2,0.5,4.0
creoro1,268,0.0037313432835820895,0.37694261344975494
crfbar1,8,0.125,2.181713107502932
crfpar,6,0.16666666666666666,2.519225299822706
crheag1,31,0.03225806451612903,1.1083113669234106
crohor1,41,0.024390243902439025,0.9637196316761782
crseag1,136,0.007352941176470588,0.5291431521781839
cubthr,449,0.0022271714922048997,0.2912188374511787
daejun,319,0.003134796238244514,0.34549939625677445
dafbab1,20,0.05,1.3798365241506112
darbar1,29,0.034482758620689655,1.1458918626780417
darter2,6,0.16666666666666666,2.519225299822706
darter3,6,0.16666666666666666,2.519225299822706
didcuc1,70,0.014285714285714285,0.7375536461612306
dotbar1,3,0.3333333333333333,3.5627225856826974
dowwoo,116,0.008620689655172414,0.5729459313390208
ducfly,257,0.0038910505836575876,0.38492495942397886
dunlin,401,0.0024937655860349127,0.30815587218985346
dusfly,91,0.01098901098901099,0.6468773400348464
dutdov1,7,0.14285714285714285,2.332349418431393
dwatin1,20,0.05,1.3798365241506112
eardov1,71,0.014084507042253521,0.7323411875872003
easblu,96,0.010416666666666666,0.6298063249556765
easkin,72,0.013888888888888888,0.7272377025009775
easmea,208,0.004807692307692308,0.4278691426237925
easmog1,13,0.07692307692307693,1.71147657049517
easpho,91,0.01098901098901099,0.6468773400348464
eastow,221,0.004524886877828055,0.41509403976008563
eawpew,141,0.0070921985815602835,0.5196764996699635
eaywag1,720,0.001388888888888889,0.25
edcsun3,18,0.05555555555555555,1.454475405001955
egygoo,130,0.007692307692307693,0.5412164124778469
elepai,13,0.07692307692307693,1.71147657049517
eletro,93,0.010752688172043012,0.6398838660391533
emedov2,46,0.021739130434782608,0.9098372605032273
epaori4,102,0.00980392156862745,0.6110018826998433
equaka1,6,0.16666666666666666,2.519225299822706
ercfra,5,0.2,2.7596730483012224
eswdov1,56,0.017857142857142856,0.8246100449346693
eubeat1,374,0.00267379679144385,0.3190853265747209
eucdov,769,0.0013003901170351106,0.25
eulfly1,268,0.0037313432835820895,0.37694261344975494
eurbla2,21,0.047619047619047616,1.346582564575632
eurcoo,438,0.00228310502283105,0.2948530191367654
eursta,451,0.0022172949002217295,0.2905724019426716
eurwig,303,0.0033003300330033004,0.3545041471155378
fabwre1,65,0.015384615384615385,0.7653955907050822
fatrav1,19,0.05263157894736842,1.4156824031949509
fatwid1,4,0.25,3.085408265837797
fepowl,407,0.002457002457002457,0.305876019381112
ficman1,56,0.017857142857142856,0.8246100449346693
fiespa,120,0.008333333333333333,0.5633159021040859
fislov1,13,0.07692307692307693,1.71147657049517
flawar1,165,0.006060606060606061,0.4803974154523921
flrtan1,16,0.0625,1.5427041329188984
forwag1,39,0.02564102564102564,0.9881214586871239
fotdro5,117,0.008547008547008548,0.5704921901650566
fotfly,67,0.014925373134328358,0.7538852268995099
foxspa,151,0.006622516556291391,0.5021739274671873
fragul,23,0.043478260869565216,1.2867041933560468
fusfly1,182,0.005494505494505495,0.45741135373455605
gabgos2,29,0.034482758620689655,1.1458918626780417
gadwal,349,0.0028653295128939827,0.3303162358505527
gamqua,165,0.006060606060606061,0.4803974154523921
gargan,148,0.006756756756756757,0.5072379943273124
gartro1,55,0.01818181818181818,0.8320727313883173
gbbgul,67,0.014925373134328358,0.7538852268995099
gbesta1,36,0.027777777777777776,1.0284694219459323
gbwwre1,450,0.0022222222222222222,0.29089508100039096
gcrwar,136,0.007352941176470588,0.5291431521781839
gilhum1,55,0.01818181818181818,0.8320727313883173
gilwoo,86,0.011627906976744186,0.6654162595402028
giwrai1,43,0.023255813953488372,0.9410406988653301
gloibi,93,0.010752688172043012,0.6398838660391533
glteme1,91,0.01098901098901099,0.6468773400348464
glwgul,27,0.037037037037037035,1.1875741952275658
gnbcam2,215,0.004651162790697674,0.42084619445135746
gnhsun1,17,0.058823529411764705,1.4966428444944766
gnttow,109,0.009174311926605505,0.5910570275316104
gnwtea,648,0.0015432098765432098,0.25
gobbun1,71,0.014084507042253521,0.7323411875872003
gobsta5,3,0.3333333333333333,3.5627225856826974
gobwea1,4,0.25,3.085408265837797
gocfly1,95,0.010526315789473684,0.6331124176188352
gockin,121,0.008264462809917356,0.5609833210614177
gocspa,67,0.014925373134328358,0.7538852268995099
goflea1,41,0.024390243902439025,0.9637196316761782
goftyr1,101,0.009900990099009901,0.6140191942979834
gohman1,108,0.009259259259259259,0.5937870976137829
gohque1,80,0.0125,0.6899182620753056
golher1,2,0.5,4.0
golphe,9,0.1111111111111111,2.0569388438918645
goowoo1,67,0.014925373134328358,0.7538852268995099
graher1,424,0.0023584905660377358,0.29968134282084957
grasal1,238,0.004201680672268907,0.39999462531893726
grasal3,216,0.004629629629629629,0.4198708833037843
grasal4,57,0.017543859649122806,0.8173446165716214
grbani,83,0.012048192771084338,0.6773351101315191
grbcam1,81,0.012345679012345678,0.6856462812972882
grbeat1,59,0.01694915254237288,0.8033718841213103
grbhaw1,85,0.011764705882352941,0.6693190276656593
grbher3,160,0.00625,0.4878458815778863
grccra1,10,0.1,1.951383526311545
grcfly,164,0.006097560975609756,0.4818598158380891
greani1,111,0.009009009009009009,0.5857079851361594
greant1,322,0.003105590062111801,0.3438861606902613
grecor,124,0.008064516129032258,0.5541556834617053
grecou1,144,0.006944444444444444,0.5142347109729661
greegr,408,0.0024509803921568627,0.3055009413499217
greela,178,0.0056179775280898875,0.46252225374703915
grefla1,51,0.0196078431372549,0.8640871491496133
grefri,15,0.06666666666666667,1.5932979773120657
grehor1,31,0.03225806451612903,1.1083113669234106
greibi1,83,0.012048192771084338,0.6773351101315191
grejun2,45,0.022222222222222223,0.9198910161004076
grekis,752,0.0013297872340425532,0.25
grenig1,37,0.02702702702702703,1.0144759886546248
grepew,82,0.012195121951219513,0.6814526867208274
grepot1,53,0.018867924528301886,0.8476268388148529
gresca,8,0.125,2.181713107502932
gretho2,81,0.012345679012345678,0.6856462812972882
grethr1,136,0.007352941176470588,0.5291431521781839
gretin1,126,0.007936507936507936,0.5497400299564462
grewar3,447,0.0022371364653243847,0.29186960661453976
grewoo2,87,0.011494252873563218,0.661580975379369
greyel,253,0.003952569169960474,0.3879559114126284
grfdov1,157,0.006369426751592357,0.4924847740386272
grhcha1,19,0.05263157894736842,1.4156824031949509
grhowl,223,0.004484304932735426,0.41322843912785034
grhtan1,79,0.012658227848101266,0.6942711018622502
grnher,51,0.0196078431372549,0.8640871491496133
grnjay,100,0.01,0.6170816531675595
grnkin,105,0.009523809523809525,0.6022100303414227
grnsan,436,0.0022935779816513763,0.2955285137658052
grnwar1,123,0.008130081300813009,0.5564037887715685
grtdro1,243,0.00411522633744856,0.3958580650758552
grtgra,180,0.005555555555555556,0.4599455080502038
grwpyt1,23,0.043478260869565216,1.2867041933560468
gryapa1,25,0.04,1.234163306335119
grycat,266,0.0037593984962406013,0.37835703723144815
gryfra,50,0.02,0.8726852430011729
gryhaw2,77,0.012987012987012988,0.7032298091764144
grynig2,17,0.058823529411764705,1.4966428444944766
grysee1,17,0.058823529411764705,1.4966428444944766
grywag,437,0.002288329519450801,0.29519018679310666
grywrw1,14,0.07142857142857142,1.6492200898693385
gwfgoo,412,0.0024271844660194173,0.30401430994201
gybfis1,9,0.1111111111111111,2.0569388438918645
gybmar,101,0.009900990099009901,0.6140191942979834
gybpri1,103,0.009708737864077669,0.60802861988402
gycwar3,41,0.024390243902439025,0.9637196316761782
gycwor1,212,0.0047169811320754715,0.42381341940742645
gyhbus1,58,0.017241379310344827,0.8102679066061274
gyhcaf1,194,0.005154639175257732,0.4430388074249707
gyhkin1,47,0.02127659574468085,0.9001061009279278
gyhneg1,22,0.045454545454545456,1.3156225050522798
gyhspa1,40,0.025,0.9756917631557726
gytbar1,8,0.125,2.181713107502932
hadibi1,103,0.009708737864077669,0.60802861988402
haiwoo,157,0.006369426751592357,0.4924847740386272
hamerk1,26,0.038461538461538464,1.210196688839031
hartur1,16,0.0625,1.5427041329188984
hawama,19,0.05263157894736842,1.4156824031949509
hawcoo,14,0.07142857142857142,1.6492200898693385
hawcre,18,0.05555555555555555,1.454475405001955
hawgoo,8,0.125,2.181713107502932
hawhaw,3,0.3333333333333333,3.5627225856826974
hawpet1,3,0.3333333333333333,3.5627225856826974
helgui,49,0.02040816326530612,0.8815452188107991
heptan,13,0.07692307692307693,1.71147657049517
hergul,153,0.006535947712418301,0.49888094816482553
herthr,253,0.003952569169960474,0.3879559114126284
herwar,42,0.023809523809523808,0.9521776628390014
heswoo1,20,0.05,1.3798365241506112
higmot1,32,0.03125,1.090856553751466
hipbab1,7,0.14285714285714285,2.332349418431393
hofwoo1,16,0.0625,1.5427041329188984
hoomer,18,0.05555555555555555,1.454475405001955
hoopoe,468,0.002136752136752137,0.2852460950825283
horscr1,80,0.0125,0.6899182620753056
houcro1,122,0.00819672131147541,0.5586794783867566
houfin,524,0.0019083969465648854,0.26957337183179814
houspa,1300,0.0007692307692307692,0.25
houwre,450,0.0022222222222222222,0.29089508100039096
hudgod,7,0.14285714285714285,2.332349418431393
huncis1,14,0.07142857142857142,1.6492200898693385
hunsun2,4,0.25,3.085408265837797
hutvir,177,0.005649717514124294,0.46382697355681535
hyamac1,53,0.018867924528301886,0.8476268388148529
iiwi,31,0.03225806451612903,1.1083113669234106
inbrob1,52,0.019230769230769232,0.855738285247585
incdov,85,0.011764705882352941,0.6693190276656593
incter1,7,0.14285714285714285,2.332349418431393
indbun,173,0.005780346820809248,0.46915849317713076
indpit1,56,0.017857142857142856,0.8246100449346693
indrob1,38,0.02631578947368421,1.001038627305618
indrol2,30,0.03333333333333333,1.1266318042081718
indtit1,11,0.09090909090909091,1.8605711896082002
ingori1,34,0.029411764705882353,1.0582863043563677
inpher1,11,0.09090909090909091,1.8605711896082002
insbab1,53,0.018867924528301886,0.8476268388148529
insowl1,31,0.03225806451612903,1.1083113669234106
integr,4,0.25,3.085408265837797
isbduc1,14,0.07142857142857142,1.6492200898693385
jabwar,70,0.014285714285714285,0.7375536461612306
japqua,17,0.058823529411764705,1.4966428444944766
jerbus2,17,0.058823529411764705,1.4966428444944766
joygre1,6,0.16666666666666666,2.519225299822706
junbab2,69,0.014492753623188406,0.7428790124015339
junmyn1,13,0.07692307692307693,1.71147657049517
junowl1,44,0.022727272727272728,0.9302855948041001
kalphe,15,0.06666666666666667,1.5932979773120657
kauama,11,0.09090909090909091,1.8605711896082002
kebtou1,56,0.017857142857142856,0.8246100449346693
kenplo1,229,0.004366812227074236,0.40777903441269975
kerlau2,13,0.07692307692307693,1.71147657049517
kerspa2,30,0.03333333333333333,1.1266318042081718
killde,140,0.007142857142857143,0.5215291846894696
klacuc1,49,0.02040816326530612,0.8815452188107991
kvbsun1,8,0.125,2.181713107502932
labcro1,211,0.004739336492890996,0.4248165294956227
labter1,46,0.021739130434782608,0.9098372605032273
labwoo,70,0.014285714285714285,0.7375536461612306
larela1,82,0.012195121951219513,0.6814526867208274
larspa,93,0.010752688172043012,0.6398838660391533
laudov1,99,0.010101010101010102,0.6201903965360668
laufal1,423,0.002364066193853428,0.3000353669759759
laugul,125,0.008,0.5519346096602445
lawgol,57,0.017543859649122806,0.8173446165716214
layalb,3,0.3333333333333333,3.5627225856826974
lazbun,99,0.010101010101010102,0.6201903965360668
lblwar1,80,0.0125,0.6899182620753056
lcspet,12,0.08333333333333333,1.7813612928413487
leafly,137,0.0072992700729927005,0.5272084358202227
leagre,77,0.012987012987012988,0.7032298091764144
leasan,126,0.007936507936507936,0.5497400299564462
leater1,89,0.011235955056179775,0.654105244148433
lesela1,93,0.010752688172043012,0.6398838660391533
lesgol,171,0.005847953216374269,0.471894134398317
lesgre1,80,0.0125,0.6899182620753056
lesgrf1,23,0.043478260869565216,1.2867041933560468
lesmaw1,13,0.07692307692307693,1.71147657049517
lessca,4,0.25,3.085408265837797
lessts1,35,0.02857142857142857,1.0430583693789393
lesvio1,145,0.006896551724137931,0.5124584199623912
lesyel,131,0.007633587786259542,0.5391467436635963
lesyel1,20,0.05,1.3798365241506112
lewduc1,30,0.03333333333333333,1.1266318042081718
libeat1,26,0.038461538461538464,1.210196688839031
limpki,148,0.006756756756756757,0.5072379943273124
linspa,151,0.006622516556291391,0.5021739274671873
linwoo1,399,0.002506265664160401,0.30892722726942173
lirplo,431,0.002320185614849188,0.29723777332691964
litcuc2,88,0.011363636363636364,0.6578112525261399
litegr,384,0.0026041666666666665,0.3149031624778382
litgre1,437,0.002288329519450801,0.29519018679310666
litnig1,60,0.016666666666666666,0.7966489886560328
litspi1,111,0.009009009009009009,0.5857079851361594
litswi1,69,0.014492753623188406,0.7428790124015339
littin1,428,0.002336448598130841,0.29827767541885014
litwea1,16,0.0625,1.5427041329188984
lobdow,135,0.007407407407407408,0.5310993257706886
lobgna5,247,0.004048582995951417,0.39263965342242163
lobsun2,17,0.058823529411764705,1.4966428444944766
loceag1,13,0.07692307692307693,1.71147657049517
logshr,134,0.007462686567164179,0.5330773561770025
lotcor1,1,1.0,4.0
lotduc,52,0.019230769230769232,0.855738285247585
lotjae,39,0.02564102564102564,0.9881214586871239
lotlap1,3,0.3333333333333333,3.5627225856826974
lotman1,48,0.020833333333333332,0.8906806464206743
lucwar,71,0.014084507042253521,0.7323411875872003
luebus1,17,0.058823529411764705,1.4966428444944766
mabeat1,14,0.07142857142857142,1.6492200898693385
mabpar,59,0.01694915254237288,0.8033718841213103
macshr1,5,0.2,2.7596730483012224
macwar,166,0.006024096385542169,0.47894824950973414
madpet,16,0.0625,1.5427041329188984
magant1,54,0.018518518518518517,0.8397417666075686
maghor2,24,0.041666666666666664,1.259612649911353
magpet1,14,0.07142857142857142,1.6492200898693385
magtan2,54,0.018518518518518517,0.8397417666075686
magwar,153,0.006535947712418301,0.49888094816482553
malkin1,10,0.1,1.951383526311545
mallar3,851,0.0011750881316098707,0.25
malpar1,16,0.0625,1.5427041329188984
maltro1,15,0.06666666666666667,1.5932979773120657
malwoo1,7,0.14285714285714285,2.332349418431393
marsan,81,0.012345679012345678,0.6856462812972882
marsto1,3,0.3333333333333333,3.5627225856826974
marsun2,34,0.029411764705882353,1.0582863043563677
marwre,301,0.0033222591362126247,0.3556799518268694
masboo,24,0.041666666666666664,1.259612649911353
masgna1,169,0.005917159763313609,0.47467819474427647
mastit1,81,0.012345679012345678,0.6856462812972882
mastro1,111,0.009009009009009009,0.5857079851361594
mauala,3,0.3333333333333333,3.5627225856826974
maupar,1,1.0,4.0
mawthr1,41,0.024390243902439025,0.9637196316761782
mcptit1,7,0.14285714285714285,2.332349418431393
meapar,152,0.006578947368421052,0.500519313652809
melbla1,73,0.0136986301369863,0.7222394460041591
merlin,65,0.015384615384615385,0.7653955907050822
meypar1,28,0.03571428571428571,1.1661747092156964
mitpar,53,0.018867924528301886,0.8476268388148529
moccha1,31,0.03225806451612903,1.1083113669234106
moipig1,24,0.041666666666666664,1.259612649911353
monoro1,53,0.018867924528301886,0.8476268388148529
mouchi,145,0.006896551724137931,0.5124584199623912
moudov,223,0.004484304932735426,0.41322843912785034
mouela1,82,0.012195121951219513,0.6814526867208274
mouqua,41,0.024390243902439025,0.9637196316761782
mouwag1,23,0.043478260869565216,1.2867041933560468
mouwar,112,0.008928571428571428,0.5830873546078482
mutswa,171,0.005847953216374269,0.471894134398317
nacnig1,10,0.1,1.951383526311545
naswar,111,0.009009009009009009,0.5857079851361594
ndcsun2,22,0.045454545454545456,1.3156225050522798
neocor,59,0.01694915254237288,0.8033718841213103
nilfly2,7,0.14285714285714285,2.332349418431393
niwpig1,4,0.25,3.085408265837797
nobfly1,14,0.07142857142857142,1.6492200898693385
norbro1,18,0.05555555555555555,1.454475405001955
norcar,891,0.001122334455667789,0.25
norcro1,20,0.05,1.3798365241506112
norfis1,18,0.05555555555555555,1.454475405001955
norfli,184,0.005434782608695652,0.45491863025161366
norhar2,25,0.04,1.234163306335119
normoc,638,0.001567398119122257,0.25
norpar,149,0.006711409395973154,0.5055329878415242
norpin,95,0.010526315789473684,0.6331124176188352
norpuf1,18,0.05555555555555555,1.454475405001955
norscr1,10,0.1,1.951383526311545
norsho,153,0.006535947712418301,0.49888094816482553
norwat,190,0.005263157894736842,0.44767808375168777
nrwswa,31,0.03225806451612903,1.1083113669234106
nubwoo1,18,0.05555555555555555,1.454475405001955
nutman,103,0.009708737864077669,0.60802861988402
nutwoo,45,0.022222222222222223,0.9198910161004076
oahama,12,0.08333333333333333,1.7813612928413487
oaktit,94,0.010638297872340425,0.6364711277535205
obnthr1,217,0.004608294930875576,0.41890232172934316
ocbfly1,99,0.010101010101010102,0.6201903965360668
olipic1,31,0.03225806451612903,1.1083113669234106
oliwoo1,468,0.002136752136752137,0.2852460950825283
olsfly,107,0.009345794392523364,0.5965553508377003
omao,19,0.05263157894736842,1.4156824031949509
orbeup1,114,0.008771929824561403,0.577949920944112
orbspa1,123,0.008130081300813009,0.5564037887715685
orbtro3,62,0.016129032258064516,0.7836944832176755
orcpar,172,0.005813953488372093,0.4705203494326651
orcwar,177,0.005649717514124294,0.46382697355681535
orfpar,36,0.027777777777777776,1.0284694219459323
orihob2,37,0.02702702702702703,1.0144759886546248
oripip1,61,0.01639344262295082,0.7900920953540777
orwpar,133,0.007518796992481203,0.535077653472016
osprey,401,0.0024937655860349127,0.30815587218985346
ovenbi1,163,0.006134969325153374,0.4833356533393352
pabflo1,41,0.024390243902439025,0.9637196316761782
pabspa1,6,0.16666666666666666,2.519225299822706
pabspi1,330,0.0030303030303030303,0.3396922701308776
pagplo,46,0.021739130434782608,0.9098372605032273
paisto1,6,0.16666666666666666,2.519225299822706
palfly2,13,0.07692307692307693,1.71147657049517
palhor2,51,0.0196078431372549,0.8640871491496133
palhor3,54,0.018518518518518517,0.8397417666075686
palila,6,0.16666666666666666,2.519225299822706
palpri1,4,0.25,3.085408265837797
paltan1,268,0.0037313432835820895,0.37694261344975494
palwar,38,0.02631578947368421,1.001038627305618
parjae,30,0.03333333333333333,1.1266318042081718
pasfly,138,0.007246376811594203,0.52529478727029
pavpig2,193,0.0051813471502590676,0.4441850934480523
pecsan,65,0.015384615384615385,0.7653955907050822
peflov,33,0.030303030303030304,1.0742012771667568
perfal,167,0.005988023952095809,0.47751211959162987
phecuc1,101,0.009900990099009901,0.6140191942979834
phivir,41,0.024390243902439025,0.9637196316761782
pibgre,257,0.0038910505836575876,0.38492495942397886
picpig2,84,0.011904761904761904,0.673291282287816
piebus1,77,0.012987012987012988,0.7032298091764144
piecro1,77,0.012987012987012988,0.7032298091764144
piekin1,120,0.008333333333333333,0.5633159021040859
piepuf1,45,0.022222222222222223,0.9198910161004076
pilwoo,89,0.011235955056179775,0.654105244148433
pinsis,127,0.007874015748031496,0.5475714217794905
pirfly1,433,0.0023094688221709007,0.2965505174401104
pitwhy,45,0.022222222222222223,0.9198910161004076
piwtyr1,17,0.058823529411764705,1.4966428444944766
placuc3,33,0.030303030303030304,1.0742012771667568
plaflo1,18,0.05555555555555555,1.454475405001955
plapri1,140,0.007142857142857143,0.5215291846894696
plasla1,94,0.010638297872340425,0.6364711277535205
platyr1,23,0.043478260869565216,1.2867041933560468
plawre1,76,0.013157894736842105,0.7078412015974754
plaxen1,113,0.008849557522123894,0.5805015886313722
plbwoo1,163,0.006134969325153374,0.4833356533393352
plcjay1,108,0.009259259259259259,0.5937870976137829
plctan1,3,0.3333333333333333,3.5627225856826974
plhpar1,25,0.04,1.234163306335119
plsvir,126,0.007936507936507936,0.5497400299564462
pluibi1,49,0.02040816326530612,0.8815452188107991
plukit1,29,0.034482758620689655,1.1458918626780417
plupig2,181,0.0055248618784530384,0.45867318055597106
pomgrp2,8,0.125,2.181713107502932
pomjae,6,0.16666666666666666,2.519225299822706
prowar,55,0.01818181818181818,0.8320727313883173
puaioh,3,0.3333333333333333,3.5627225856826974
purfin,145,0.006896551724137931,0.5124584199623912
purgal2,183,0.00546448087431694,0.4561598839372722
purgre2,8,0.125,2.181713107502932
purher1,239,0.0041841004184100415,0.3991569393202813
purjay1,57,0.017543859649122806,0.8173446165716214
pursun3,50,0.02,0.8726852430011729
pursun4,109,0.009174311926605505,0.5910570275316104
purswa3,34,0.029411764705882353,1.0582863043563677
putbab1,177,0.005649717514124294,0.46382697355681535
putfru1,85,0.011764705882352941,0.6693190276656593
pvttyr1,183,0.00546448087431694,0.4561598839372722
pygbat1,13,0.07692307692307693,1.71147657049517
pygnut,63,0.015873015873015872,0.7774498061437977
quailf1,40,0.025,0.9756917631557726
ragmac1,82,0.012195121951219513,0.6814526867208274
ratcis1,150,0.006666666666666667,0.5038450599645412
rawwre1,73,0.0136986301369863,0.7222394460041591
raybar1,13,0.07692307692307693,1.71147657049517
rbsrob1,231,0.004329004329004329,0.406009919630172
rcatan1,149,0.006711409395973154,0.5055329878415242
rebbla1,45,0.022222222222222223,0.9198910161004076
rebfir2,42,0.023809523809523808,0.9521776628390014
rebhor1,24,0.041666666666666664,1.259612649911353
rebnut,141,0.0070921985815602835,0.5196764996699635
reboxp1,19,0.05263157894736842,1.4156824031949509
rebsap,26,0.038461538461538464,1.210196688839031
rebscy1,155,0.0064516129032258064,0.49565191133529163
rebwoo,121,0.008264462809917356,0.5609833210614177
reccar,31,0.03225806451612903,1.1083113669234106
reccor,49,0.02040816326530612,0.8815452188107991
reccuc1,107,0.009345794392523364,0.5965553508377003
recfin1,106,0.009433962264150943,0.5993626856416991
recwoo1,57,0.017543859649122806,0.8173446165716214
redava,31,0.03225806451612903,1.1083113669234106
redcro,450,0.0022222222222222222,0.29089508100039096
redjun,113,0.008849557522123894,0.5805015886313722
redpha1,35,0.02857142857142857,1.0430583693789393
redspu1,13,0.07692307692307693,1.71147657049517
reedov1,61,0.01639344262295082,0.7900920953540777
reevir1,162,0.006172839506172839,0.48482513500065155
refbar2,11,0.09090909090909091,1.8605711896082002
refboo,36,0.027777777777777776,1.0284694219459323
refcro1,38,0.02631578947368421,1.001038627305618
reftin1,47,0.02127659574468085,0.9001061009279278
refwar2,6,0.16666666666666666,2.519225299822706
rehbar1,33,0.030303030303030304,1.0742012771667568
rehblu1,2,0.5,4.0
rehwea1,4,0.25,3.085408265837797
reisee2,21,0.047619047619047616,1.346582564575632
relpar,78,0.01282051282051282,0.6987073840736082
relser1,74,0.013513513513513514,0.7173428509286123
rempar,30,0.03333333333333333,1.1266318042081718
rerswa1,228,0.0043859649122807015,0.4086723082858107
reshaw,76,0.013157894736842105,0.7078412015974754
rethaw,86,0.011627906976744186,0.6654162595402028
rettro,24,0.041666666666666664,1.259612649911353
revbul,91,0.01098901098901099,0.6468773400348464
rewbla,451,0.0022172949002217295,0.2905724019426716
rewbul,167,0.005988023952095809,0.47751211959162987
rewlap1,116,0.008620689655172414,0.5729459313390208
rewsta1,23,0.043478260869565216,1.2867041933560468
ribgul,123,0.008130081300813009,0.5564037887715685
rindov,101,0.009900990099009901,0.6140191942979834
rinduc,26,0.038461538461538464,1.210196688839031
rinkin1,287,0.003484320557491289,0.36425178271513325
rinphe,213,0.004694835680751174,0.4228173817921204
rivwar1,77,0.012987012987012988,0.7032298091764144
roahaw,751,0.0013315579227696406,0.25
robgro,113,0.008849557522123894,0.5805015886313722
rocmar2,20,0.05,1.3798365241506112
rocpig,290,0.0034482758620689655,0.36236282383155033
rorpar,361,0.002770083102493075,0.3247798174566102
rosspo1,27,0.037037037037037035,1.1875741952275658
rossta2,49,0.02040816326530612,0.8815452188107991
rostur1,9,0.1111111111111111,2.0569388438918645
rotbec,61,0.01639344262295082,0.7900920953540777
royfly1,32,0.03125,1.090856553751466
royter1,67,0.014925373134328358,0.7538852268995099
rthhum,31,0.03225806451612903,1.1083113669234106
rtlhum,200,0.005,0.43634262150058645
ruboro1,169,0.005917159763313609,0.47467819474427647
rubpep1,380,0.002631578947368421,0.3165562088094176
rubrob,114,0.008771929824561403,0.577949920944112
rubsee1,51,0.0196078431372549,0.8640871491496133
rubthr1,224,0.004464285714285714,0.41230502246733464
rubwre1,67,0.014925373134328358,0.7538852268995099
ruckin,233,0.004291845493562232,0.40426363231226214
rucspa1,308,0.003246753246753247,0.3516149045882072
rucwar,124,0.008064516129032258,0.5541556834617053
rucwar1,143,0.006993006993006993,0.5160296019833384
rudpig,110,0.00909090909090909,0.5883642708050918
rudtur,277,0.0036101083032490976,0.37076843156737915
ruegls1,30,0.03333333333333333,1.1266318042081718
rufbab3,15,0.06666666666666667,1.5932979773120657
rufcac2,24,0.041666666666666664,1.259612649911353
rufcas2,51,0.0196078431372549,0.8640871491496133
rufcha2,5,0.2,2.7596730483012224
ruff,25,0.04,1.234163306335119
rufgna3,124,0.008064516129032258,0.5541556834617053
rufhor2,147,0.006802721088435374,0.5089603693832424
rufhum,54,0.018518518518518517,0.8397417666075686
rufmot1,76,0.013157894736842105,0.7078412015974754
rufnig1,101,0.009900990099009901,0.6140191942979834
ruftho1,79,0.012658227848101266,0.6942711018622502
ruftof1,86,0.011627906976744186,0.6654162595402028
ruftre2,110,0.00909090909090909,0.5883642708050918
rufwoo2,43,0.023255813953488372,0.9410406988653301
rugdov,147,0.006802721088435374,0.5089603693832424
rumfly1,292,0.003424657534246575,0.36111972300207956
runwre1,8,0.125,2.181713107502932
rutfly6,7,0.14285714285714285,2.332349418431393
ruther1,73,0.0136986301369863,0.7222394460041591
rutjac1,321,0.003115264797507788,0.3444213923926579
rutpuf1,14,0.07142857142857142,1.6492200898693385
sabspa1,49,0.02040816326530612,0.8815452188107991
sacibi2,5,0.2,2.7596730483012224
saffin,324,0.0030864197530864196,0.3428231406486441
sahpar1,11,0.09090909090909091,1.8605711896082002
sancra,134,0.007462686567164179,0.5330773561770025
sander,161,0.006211180124223602,0.486328472360581
savhaw1,42,0.023809523809523808,0.9521776628390014
savspa,211,0.004739336492890996,0.4248165294956227
saypho,71,0.014084507042253521,0.7323411875872003
saytan1,112,0.008928571428571428,0.5830873546078482
sbeowl1,21,0.047619047619047616,1.346582564575632
scadov1,99,0.010101010101010102,0.6201903965360668
scamac1,58,0.017241379310344827,0.8102679066061274
scamin3,11,0.09090909090909091,1.8605711896082002
scatan,108,0.009259259259259259,0.5937870976137829
scbwre1,144,0.006944444444444444,0.5142347109729661
sccsun2,69,0.014492753623188406,0.7428790124015339
schpar1,99,0.010101010101010102,0.6201903965360668
scptyr1,135,0.007407407407407408,0.5310993257706886
scrcha1,25,0.04,1.234163306335119
scrtan1,25,0.04,1.234163306335119
scther1,86,0.011627906976744186,0.6654162595402028
scthon1,21,0.047619047619047616,1.346582564575632
secfly1,126,0.007936507936507936,0.5497400299564462
semplo,124,0.008064516129032258,0.5541556834617053
shcfly1,167,0.005988023952095809,0.47751211959162987
sheowl,115,0.008695652173913044,0.5754316086556308
shesta1,3,0.3333333333333333,3.5627225856826974
shghum1,13,0.07692307692307693,1.71147657049517
shicow,69,0.014492753623188406,0.7428790124015339
shikra1,86,0.011627906976744186,0.6654162595402028
shshaw,41,0.024390243902439025,0.9637196316761782
shtfly1,76,0.013157894736842105,0.7078412015974754
shtnig1,120,0.008333333333333333,0.5633159021040859
shtsan,3,0.3333333333333333,3.5627225856826974
sibtan2,278,0.0035971223021582736,0.37010098110433515
sichor1,38,0.02631578947368421,1.001038627305618
sincis1,61,0.01639344262295082,0.7900920953540777
sinwre1,96,0.010416666666666666,0.6298063249556765
skylar,441,0.0022675736961451248,0.29384840627026637
slbgre1,21,0.047619047619047616,1.346582564575632
slcbou1,44,0.022727272727272728,0.9302855948041001
sltnig1,30,0.03333333333333333,1.1266318042081718
sltred,169,0.005917159763313609,0.47467819474427647
smamin1,18,0.05555555555555555,1.454475405001955
smbani,366,0.00273224043715847,0.3225537472373136
smbtin1,67,0.014925373134328358,0.7538852268995099
snoegr,71,0.014084507042253521,0.7323411875872003
snogoo,170,0.0058823529411764705,0.4732800232395741
sobcac1,101,0.009900990099009901,0.6140191942979834
sobfly1,16,0.0625,1.5427041329188984
sobtyr1,544,0.001838235294117647,0.26457157608909193
socfly1,517,0.0019342359767891683,0.2713922007534277
sofspi1,213,0.004694835680751174,0.4228173817921204
sohmyn1,36,0.027777777777777776,1.0284694219459323
solsan,209,0.004784688995215311,0.4268443048823894
somgre1,175,0.005714285714285714,0.4664698836862786
somtit4,20,0.05,1.3798365241506112
sonspa,450,0.0022222222222222222,0.29089508100039096
sooshe,10,0.1,1.951383526311545
sooter1,19,0.05263157894736842,1.4156824031949509
sopsku1,6,0.16666666666666666,2.519225299822706
sora,129,0.007751937984496124,0.5433101008082919
souant1,112,0.008928571428571428,0.5830873546078482
soucit1,19,0.05263157894736842,1.4156824031949509
soufis1,37,0.02702702702702703,1.0144759886546248
soulap1,394,0.0025380710659898475,0.3108812456590782
souscr1,64,0.015625,0.7713520664594492
spbant3,120,0.008333333333333333,0.5633159021040859
spbwoo1,42,0.023809523809523808,0.9521776628390014
spemou2,36,0.027777777777777776,1.0284694219459323
speowl1,133,0.007518796992481203,0.535077653472016
spepar1,55,0.01818181818181818,0.8320727313883173
spepic1,41,0.024390243902439025,0.9637196316761782
spepig1,33,0.030303030303030304,1.0742012771667568
spewea1,24,0.041666666666666664,1.259612649911353
spfbar1,11,0.09090909090909091,1.8605711896082002
spfwea1,11,0.09090909090909091,1.8605711896082002
spispi1,106,0.009433962264150943,0.5993626856416991
spmthr1,76,0.013157894736842105,0.7078412015974754
spodov,138,0.007246376811594203,0.52529478727029
spoowl1,28,0.03571428571428571,1.1661747092156964
sposan,183,0.00546448087431694,0.4561598839372722
spotow,446,0.002242152466367713,0.29219663148643543
spvear1,85,0.011764705882352941,0.6693190276656593
spwlap1,50,0.02,0.8726852430011729
sqtbul1,22,0.045454545454545456,1.3156225050522798
squcuc1,489,0.002044989775051125,0.2790539695644088
squher1,43,0.023255813953488372,0.9410406988653301
srwswa1,87,0.011494252873563218,0.661580975379369
stbkin1,107,0.009345794392523364,0.5965553508377003
stbori,115,0.008695652173913044,0.5754316086556308
stbwoo2,194,0.005154639175257732,0.4430388074249707
stejay,160,0.00625,0.4878458815778863
sthant1,66,0.015151515151515152,0.7595750074438636
sthwoo1,51,0.0196078431372549,0.8640871491496133
strcuc1,431,0.002320185614849188,0.29723777332691964
strfly1,421,0.0023752969121140144,0.3007471956561088
strher,149,0.006711409395973154,0.5055329878415242
strher2,138,0.007246376811594203,0.52529478727029
strowl1,117,0.008547008547008548,0.5704921901650566
strsal1,94,0.010638297872340425,0.6364711277535205
strsee1,30,0.03333333333333333,1.1266318042081718
sttwoo1,18,0.05555555555555555,1.454475405001955
stusta1,4,0.25,3.085408265837797
stvhum2,4,0.25,3.085408265837797
subbus1,77,0.012987012987012988,0.7032298091764144
subfly,131,0.007633587786259542,0.5391467436635963
sumtan,182,0.005494505494505495,0.45741135373455605
supsta1,33,0.030303030303030304,1.0742012771667568
swaspa,111,0.009009009009009009,0.5857079851361594
swathr,383,0.0026109660574412533,0.3153139952193736
swthum1,68,0.014705882352941176,0.7483214222472383
swtman1,206,0.0048543689320388345,0.42994116027548823
tacsun1,5,0.2,2.7596730483012224
tafpri1,139,0.007194244604316547,0.5234018269253392
tamdov1,86,0.011627906976744186,0.6654162595402028
tattin1,88,0.011363636363636364,0.6578112525261399
tbsfin1,32,0.03125,1.090856553751466
tenwar,133,0.007518796992481203,0.535077653472016
thbeup1,185,0.005405405405405406,0.45368745443460934
thbkin,84,0.011904761904761904,0.673291282287816
thbwar1,92,0.010869565217391304,0.6433520966780234
thlsch3,79,0.012658227848101266,0.6942711018622502
thlwre1,154,0.006493506493506494,0.4972585668011644
thrnig1,442,0.0022624434389140274,0.2935158103444749
thswar1,108,0.009259259259259259,0.5937870976137829
tibfly3,94,0.010638297872340425,0.6364711277535205
tilwar1,19,0.05263157894736842,1.4156824031949509
toctou1,95,0.010526315789473684,0.6331124176188352
towsol,174,0.005747126436781609,0.4678083939947622
treswa,77,0.012987012987012988,0.7032298091764144
trobou1,85,0.011764705882352941,0.6693190276656593
trogna1,115,0.008695652173913044,0.5754316086556308
trokin,644,0.0015527950310559005,0.25
tromoc,113,0.008849557522123894,0.5805015886313722
tropar,407,0.002457002457002457,0.305876019381112
tropew1,62,0.016129032258064516,0.7836944832176755
trsowl,283,0.0035335689045936395,0.3668169678073534
tuftit,211,0.004739336492890996,0.4248165294956227
tunswa,82,0.012195121951219513,0.6814526867208274
turvul,5,0.2,2.7596730483012224
undtin1,159,0.006289308176100629,0.48937758356210687
varant1,180,0.005555555555555556,0.4599455080502038
varsun2,94,0.010638297872340425,0.6364711277535205
veery,156,0.00641025641025641,0.49406072934356193
vefnut1,37,0.02702702702702703,1.0144759886546248
vehpar1,32,0.03125,1.090856553751466
verdin,113,0.008849557522123894,0.5805015886313722
verfly,31,0.03225806451612903,1.1083113669234106
vibsta2,16,0.0625,1.5427041329188984
vigswa,58,0.017241379310344827,0.8102679066061274
vilwea1,68,0.014705882352941176,0.7483214222472383
vimwea1,16,0.0625,1.5427041329188984
walsta1,31,0.03225806451612903,1.1083113669234106
wantat1,15,0.06666666666666667,1.5932979773120657
warvir,344,0.0029069767441860465,0.3327081297701014
warwhe1,63,0.015873015873015872,0.7774498061437977
watjac1,103,0.009708737864077669,0.60802861988402
wbbfly1,6,0.16666666666666666,2.519225299822706
wbgbir1,20,0.05,1.3798365241506112
wbrcha2,119,0.008403361344537815,0.5656778240023856
wbswea1,67,0.014925373134328358,0.7538852268995099
wbwwre1,674,0.001483679525222552,0.25
webwoo1,99,0.010101010101010102,0.6201903965360668
wegspa1,9,0.1111111111111111,2.0569388438918645
wemhar1,241,0.004149377593360996,0.39749723591826264
wesant1,88,0.011363636363636364,0.6578112525261399
wesblu,44,0.022727272727272728,0.9302855948041001
wesfie1,116,0.008620689655172414,0.5729459313390208
weskin,90,0.011111111111111112,0.6504611754371817
wesmea,587,0.0017035775127768314,0.2546968558119208
wessan,31,0.03225806451612903,1.1083113669234106
westan,104,0.009615384615384616,0.6050983444195155
wetshe,21,0.047619047619047616,1.346582564575632
wewpew,172,0.005813953488372093,0.4705203494326651
wfbeat1,43,0.023255813953488372,0.9410406988653301
wfwduc1,97,0.010309278350515464,0.6265514901179955
whbant1,79,0.012658227848101266,0.6942711018622502
whbant2,57,0.017543859649122806,0.8173446165716214
whbbul2,46,0.021739130434782608,0.9098372605032273
whbcan1,9,0.1111111111111111,2.0569388438918645
whbcou1,61,0.01639344262295082,0.7900920953540777
whbcro2,6,0.16666666666666666,2.519225299822706
whbman1,338,0.0029585798816568047,0.3356481703850665
whbnut,252,0.003968253968253968,0.38872490307189883
whbsho3,20,0.05,1.3798365241506112
whbtit5,21,0.047619047619047616,1.346582564575632
whbtre1,19,0.05263157894736842,1.4156824031949509
whbwag1,31,0.03225806451612903,1.1083113669234106
whbwar2,102,0.00980392156862745,0.6110018826998433
whbwat1,149,0.006711409395973154,0.5055329878415242
whbwea1,17,0.058823529411764705,1.4966428444944766
whbwhe3,32,0.03125,1.090856553751466
whbwoo2,67,0.014925373134328358,0.7538852268995099
whcbar1,49,0.02040816326530612,0.8815452188107991
whcpar,9,0.1111111111111111,2.0569388438918645
whcpri2,8,0.125,2.181713107502932
whcsee1,59,0.01694915254237288,0.8033718841213103
whcspa,260,0.0038461538461538464,0.3826977953525411
whctur2,1,1.0,4.0
wheslf1,14,0.07142857142857142,1.6492200898693385
whevir,222,0.0045045045045045045,0.4141580880848879
whfant1,96,0.010416666666666666,0.6298063249556765
whfibi,39,0.02564102564102564,0.9881214586871239
whfpar1,69,0.014492753623188406,0.7428790124015339
whhsaw1,1,1.0,4.0
whihel1,13,0.07692307692307693,1.71147657049517
whimbr,296,0.0033783783783783786,0.35867142546430614
whiter,25,0.04,1.234163306335119
whiter2,199,0.005025125628140704,0.43743758588595544
whiwoo1,66,0.015151515151515152,0.7595750074438636
whiwre1,100,0.01,0.6170816531675595
whlspi1,48,0.020833333333333332,0.8906806464206743
whmtyr1,27,0.037037037037037035,1.1875741952275658
whnjay1,68,0.014705882352941176,0.7483214222472383
whrmun,57,0.017543859649122806,0.8173446165716214
whrshr1,6,0.16666666666666666,2.519225299822706
whtdov,546,0.0018315018315018315,0.26408656820903703
whtkin2,165,0.006060606060606061,0.4803974154523921
whtspa,212,0.0047169811320754715,0.42381341940742645
whttro,21,0.047619047619047616,1.346582564575632
whttro1,61,0.01639344262295082,0.7900920953540777
whwbec1,106,0.009433962264150943,0.5993626856416991
whwdov,108,0.009259259259259259,0.5937870976137829
whwpic1,70,0.014285714285714285,0.7375536461612306
whwswa1,39,0.02564102564102564,0.9881214586871239
wilfly,165,0.006060606060606061,0.4803974154523921
willet1,84,0.011904761904761904,0.673291282287816
wilsni1,109,0.009174311926605505,0.5910570275316104
wiltur,124,0.008064516129032258,0.5541556834617053
witswa1,4,0.25,3.085408265837797
wlswar,199,0.005025125628140704,0.43743758588595544
wlwwar,446,0.002242152466367713,0.29219663148643543
wooduc,40,0.025,0.9756917631557726
wookin1,56,0.017857142857142856,0.8246100449346693
woosan,520,0.0019230769230769232,0.27060820623892345
woosto,15,0.06666666666666667,1.5932979773120657
woothr,199,0.005025125628140704,0.43743758588595544
wrenti,64,0.015625,0.7713520664594492
wtbeat1,25,0.04,1.234163306335119
wynlau1,4,0.25,3.085408265837797
y00475,112,0.008928571428571428,0.5830873546078482
y00678,122,0.00819672131147541,0.5586794783867566
yebapa1,93,0.010752688172043012,0.6398838660391533
yebbab1,23,0.043478260869565216,1.2867041933560468
yebbar1,30,0.03333333333333333,1.1266318042081718
yebbul3,27,0.037037037037037035,1.1875741952275658
yebcar,18,0.05555555555555555,1.454475405001955
yebcha,247,0.004048582995951417,0.39263965342242163
yebduc1,14,0.07142857142857142,1.6492200898693385
yebela1,349,0.0028653295128939827,0.3303162358505527
yebere1,31,0.03225806451612903,1.1083113669234106
yebfly,95,0.010526315789473684,0.6331124176188352
yebfly1,152,0.006578947368421052,0.500519313652809
yebgre1,18,0.05555555555555555,1.454475405001955
yebori1,84,0.011904761904761904,0.673291282287816
yebsap,49,0.02040816326530612,0.8815452188107991
yebsee1,239,0.0041841004184100415,0.3991569393202813
yebsto1,1,1.0,4.0
yeccan1,12,0.08333333333333333,1.7813612928413487
yecmac,39,0.02564102564102564,0.9881214586871239
yecpar,103,0.009708737864077669,0.60802861988402
yecspi2,175,0.005714285714285714,0.4664698836862786
yectyr1,78,0.01282051282051282,0.6987073840736082
yefcan,67,0.014925373134328358,0.7538852268995099
yefgra1,53,0.018867924528301886,0.8476268388148529
yegvir,73,0.0136986301369863,0.7222394460041591
yehbla,67,0.014925373134328358,0.7538852268995099
yehbla2,61,0.01639344262295082,0.7900920953540777
yehcar1,240,0.004166666666666667,0.3983244943280164
yelbis1,15,0.06666666666666667,1.5932979773120657
yelgro,60,0.016666666666666666,0.7966489886560328
yelori1,46,0.021739130434782608,0.9098372605032273
yelwar,95,0.010526315789473684,0.6331124176188352
yenspu1,10,0.1,1.951383526311545
yeofly1,702,0.0014245014245014246,0.25
yercac1,251,0.00398406374501992,0.3894984857337032
yertin1,119,0.008403361344537815,0.5656778240023856
yerwar,155,0.0064516129032258064,0.49565191133529163
yesbar1,26,0.038461538461538464,1.210196688839031
yespet1,13,0.07692307692307693,1.71147657049517
yeteup1,40,0.025,0.9756917631557726
yetgre1,24,0.041666666666666664,1.259612649911353
yetvir,94,0.010638297872340425,0.6364711277535205
yewgre1,97,0.010309278350515464,0.6265514901179955
ywcpar,104,0.009615384615384616,0.6050983444195155
zebdov,77,0.012987012987012988,0.7032298091764144
zitcis1,436,0.0022935779816513763,0.2955285137658052
